{
    "rainfall": {
        "01": {
            "苗栗縣": 9.0,
            "新北市": 63.93636363636363,
            "桃園市": 24.666666666666668,
            "臺北市": 58.785714285714285,
            "彰化縣": 4.125,
            "高雄市": 0.25,
            "宜蘭縣": 267.5,
            "南投市": 6.0,
            "臺南市": 4.45,
            "嘉義市": 12.5,
            "南投縣": 10.0,
            "基隆市": 389.0,
            "臺中市": 6.3,
            "屏東市": 0.0,
            "雲林縣": 4.875,
            "屏東縣": 16.25,
            "嘉義縣": 8.25,
            "新竹市": 10.0,
            "新竹縣": 13.5,
            "臺東市": 69.5,
            "花蓮縣": 186.5,
            "苗栗市": 9.5,
            "金門縣": 17.5,
            "臺東縣": 20.5,
            "澎湖縣": 4.0,
            "連江縣": 37.5
        },
        "02": {
            "苗栗縣": 23.25,
            "新北市": 438.59090909090907,
            "桃園市": 51.583333333333336,
            "臺北市": 69.57142857142857,
            "彰化縣": 9.375,
            "高雄市": 0.08333333333333333,
            "宜蘭縣": 179.25,
            "南投市": 18.0,
            "臺南市": 0.125,
            "嘉義市": 0.0,
            "南投縣": 10.75,
            "基隆市": 490.0,
            "臺中市": 9.1,
            "屏東市": 0.0,
            "雲林縣": 7.75,
            "屏東縣": 7.5,
            "嘉義縣": 0.25,
            "新竹市": 33.5,
            "新竹縣": 34.0,
            "臺東市": 9.0,
            "花蓮縣": 28.5,
            "苗栗市": 21.5,
            "金門縣": 42.0,
            "臺東縣": 18.5,
            "澎湖縣": 9.5,
            "連江縣": 62.5
        },
        "03": {
            "苗栗縣": 26.5,
            "新北市": 312.04545454545456,
            "桃園市": 40.083333333333336,
            "臺北市": 33.857142857142854,
            "彰化縣": 14.75,
            "高雄市": 0.041666666666666664,
            "宜蘭縣": 63.5,
            "南投市": 26.0,
            "臺南市": 0.8250000000000001,
            "嘉義市": 7.0,
            "南投縣": 30.25,
            "基隆市": 162.0,
            "臺中市": 18.7,
            "屏東市": 0.0,
            "雲林縣": 13.375,
            "屏東縣": 3.0,
            "嘉義縣": 4.25,
            "新竹市": 37.5,
            "新竹縣": 30.0,
            "臺東市": 7.5,
            "花蓮縣": 24.0,
            "苗栗市": 29.5,
            "金門縣": 61.0,
            "臺東縣": 17.5,
            "澎湖縣": 10.5,
            "連江縣": 92.0
        },
        "04": {
            "苗栗縣": 285.75,
            "新北市": 208.20909090909092,
            "桃園市": 139.5,
            "臺北市": 110.85714285714286,
            "彰化縣": 121.375,
            "高雄市": 6.208333333333333,
            "宜蘭縣": 60.0,
            "南投市": 103.0,
            "臺南市": 12.375,
            "嘉義市": 62.0,
            "南投縣": 102.25,
            "基隆市": 160.5,
            "臺中市": 210.1,
            "屏東市": 6.0,
            "雲林縣": 118.25,
            "屏東縣": 12.0,
            "嘉義縣": 47.5,
            "新竹市": 179.0,
            "新竹縣": 154.0,
            "臺東市": 17.0,
            "花蓮縣": 48.0,
            "苗栗市": 340.0,
            "金門縣": 84.0,
            "臺東縣": 65.0,
            "澎湖縣": 74.0,
            "連江縣": 124.5
        },
        "05": {
            "苗栗縣": 272.0,
            "新北市": 222.0181818181818,
            "桃園市": 296.6666666666667,
            "臺北市": 193.57142857142858,
            "彰化縣": 147.125,
            "高雄市": 94.125,
            "宜蘭縣": 99.0,
            "南投市": 186.0,
            "臺南市": 64.89999999999999,
            "嘉義市": 161.0,
            "南投縣": 241.5,
            "基隆市": 209.0,
            "臺中市": 191.2,
            "屏東市": 75.0,
            "雲林縣": 181.125,
            "屏東縣": 149.5,
            "嘉義縣": 121.25,
            "新竹市": 391.0,
            "新竹縣": 365.0,
            "臺東市": 99.5,
            "花蓮縣": 137.5,
            "苗栗市": 348.0,
            "金門縣": 70.5,
            "臺東縣": 99.5,
            "澎湖縣": 83.5,
            "連江縣": 44.0
        },
        "06": {
            "苗栗縣": 101.5,
            "新北市": 241.16363636363639,
            "桃園市": 112.5,
            "臺北市": 347.57142857142856,
            "彰化縣": 99.875,
            "高雄市": 354.4583333333333,
            "宜蘭縣": 212.25,
            "南投市": 341.0,
            "臺南市": 149.32500000000002,
            "嘉義市": 234.0,
            "南投縣": 399.25,
            "基隆市": 153.0,
            "臺中市": 182.6,
            "屏東市": 232.5,
            "雲林縣": 160.5,
            "屏東縣": 337.5,
            "嘉義縣": 244.75,
            "新竹市": 81.5,
            "新竹縣": 101.5,
            "臺東市": 218.5,
            "花蓮縣": 495.0,
            "苗栗市": 75.5,
            "金門縣": 133.0,
            "臺東縣": 145.0,
            "澎湖縣": 103.0,
            "連江縣": 169.0
        },
        "07": {
            "苗栗縣": 96.5,
            "新北市": 145.43636363636364,
            "桃園市": 71.0,
            "臺北市": 116.28571428571429,
            "彰化縣": 85.5,
            "高雄市": 274.6666666666667,
            "宜蘭縣": 190.75,
            "南投市": 215.0,
            "臺南市": 338.74999999999994,
            "嘉義市": 288.5,
            "南投縣": 440.25,
            "基隆市": 113.0,
            "臺中市": 155.4,
            "屏東市": 341.0,
            "雲林縣": 175.75,
            "屏東縣": 362.25,
            "嘉義縣": 186.5,
            "新竹市": 82.5,
            "新竹縣": 118.5,
            "臺東市": 431.5,
            "花蓮縣": 536.5,
            "苗栗市": 40.0,
            "金門縣": 186.0,
            "臺東縣": 777.5,
            "澎湖縣": 234.0,
            "連江縣": 52.5
        },
        "08": {
            "苗栗縣": 513.75,
            "新北市": 396.3636363636364,
            "桃園市": 217.91666666666666,
            "臺北市": 435.14285714285717,
            "彰化縣": 152.125,
            "高雄市": 533.5833333333334,
            "宜蘭縣": 149.0,
            "南投市": 242.5,
            "臺南市": 354.7500000000001,
            "嘉義市": 236.0,
            "南投縣": 427.0,
            "基隆市": 170.0,
            "臺中市": 279.4,
            "屏東市": 395.0,
            "雲林縣": 160.25,
            "屏東縣": 397.0,
            "嘉義縣": 163.0,
            "新竹市": 323.5,
            "新竹縣": 239.5,
            "臺東市": 345.0,
            "花蓮縣": 156.0,
            "苗栗市": 321.0,
            "金門縣": 97.0,
            "臺東縣": 266.0,
            "澎湖縣": 9.5,
            "連江縣": 108.5
        },
        "09": {
            "苗栗縣": 126.25,
            "新北市": 150.5909090909091,
            "桃園市": 75.66666666666667,
            "臺北市": 138.5,
            "彰化縣": 95.375,
            "高雄市": 510.0416666666667,
            "宜蘭縣": 435.0,
            "南投市": 251.0,
            "臺南市": 377.55000000000007,
            "嘉義市": 528.5,
            "南投縣": 322.0,
            "基隆市": 135.5,
            "臺中市": 176.3,
            "屏東市": 562.5,
            "雲林縣": 171.0,
            "屏東縣": 445.0,
            "嘉義縣": 228.25,
            "新竹市": 36.5,
            "新竹縣": 79.5,
            "臺東市": 570.5,
            "花蓮縣": 382.0,
            "苗栗市": 160.0,
            "金門縣": 340.0,
            "臺東縣": 621.0,
            "澎湖縣": 127.5,
            "連江縣": 162.0
        },
        "10": {
            "苗栗縣": 46.0,
            "新北市": 153.6,
            "桃園市": 116.75,
            "臺北市": 178.92857142857142,
            "彰化縣": 13.625,
            "高雄市": 38.166666666666664,
            "宜蘭縣": 464.25,
            "南投市": 44.0,
            "臺南市": 21.075000000000003,
            "嘉義市": 50.0,
            "南投縣": 56.0,
            "基隆市": 377.5,
            "臺中市": 29.0,
            "屏東市": 94.0,
            "雲林縣": 23.125,
            "屏東縣": 106.25,
            "嘉義縣": 29.5,
            "新竹市": 70.5,
            "新竹縣": 78.25,
            "臺東市": 257.5,
            "花蓮縣": 282.0,
            "苗栗市": 107.5,
            "金門縣": 12.0,
            "臺東縣": 264.5,
            "澎湖縣": 5.5,
            "連江縣": 30.0
        },
        "11": {
            "苗栗縣": 2.75,
            "新北市": 47.40909090909091,
            "桃園市": 17.833333333333332,
            "臺北市": 51.0,
            "彰化縣": 0.625,
            "高雄市": 1.4583333333333333,
            "宜蘭縣": 268.75,
            "南投市": 0.0,
            "臺南市": 0.3,
            "嘉義市": 0.0,
            "南投縣": 3.75,
            "基隆市": 354.0,
            "臺中市": 0.0,
            "屏東市": 0.5,
            "雲林縣": 0.0,
            "屏東縣": 5.0,
            "嘉義縣": 0.0,
            "新竹市": 5.5,
            "新竹縣": 6.0,
            "臺東市": 1.0,
            "花蓮縣": 14.0,
            "苗栗市": 5.5,
            "金門縣": 2.0,
            "臺東縣": 8.5,
            "澎湖縣": 0.0,
            "連江縣": 17.0
        },
        "12": {
            "苗栗縣": 35.0,
            "新北市": 132.04545454545453,
            "桃園市": 90.16666666666667,
            "臺北市": 129.07142857142858,
            "彰化縣": 6.75,
            "高雄市": 6.833333333333333,
            "宜蘭縣": 242.5,
            "南投市": 20.0,
            "臺南市": 15.0,
            "嘉義市": 14.0,
            "南投縣": 36.25,
            "基隆市": 462.0,
            "臺中市": 12.8,
            "屏東市": 4.5,
            "雲林縣": 9.5,
            "屏東縣": 4.5,
            "嘉義縣": 8.25,
            "新竹市": 64.5,
            "新竹縣": 62.5,
            "臺東市": 15.5,
            "花蓮縣": 35.5,
            "苗栗市": 61.0,
            "金門縣": 2.5,
            "臺東縣": 27.5,
            "澎湖縣": 4.0,
            "連江縣": 26.0
        }
    },
    "wind_speed": {
        "01": {
            "苗栗縣": 3.239653459560542,
            "桃園市": 3.1118266288410052,
            "臺北市": 1.7331888308045393,
            "彰化縣": 3.667903615396603,
            "高雄市": 1.8078972137220743,
            "宜蘭縣": 1.1789222873900294,
            "南投市": 1.389977793361384,
            "臺南市": 2.169244532091811,
            "嘉義市": 2.150940860215054,
            "新北市": 2.6009783013464656,
            "南投縣": 1.1755009775171066,
            "基隆市": 0.9690492887196953,
            "臺中市": 2.365243304614976,
            "屏東市": 1.4185483870967746,
            "雲林縣": 3.5136795284542486,
            "屏東縣": 4.247934995112415,
            "嘉義縣": 2.3514784946236555,
            "新竹市": 2.5111559139784947,
            "新竹縣": 2.8895833333333343,
            "臺東市": 1.8836898083216456,
            "花蓮縣": 2.0755376344086027,
            "苗栗市": 2.642969845722301,
            "金門縣": 2.610343618513324,
            "臺東縣": 1.2884642356241234,
            "澎湖縣": 5.570418419822347,
            "連江縣": 2.194915848527349
        },
        "02": {
            "苗栗縣": 3.3935914855072453,
            "桃園市": 3.123062468217645,
            "臺北市": 1.6906840700707164,
            "彰化縣": 3.814063578329883,
            "高雄市": 1.8404717301116778,
            "宜蘭縣": 1.2114583333333333,
            "南投市": 1.4247023809523807,
            "臺南市": 2.134578510257859,
            "嘉義市": 2.245833333333333,
            "新北市": 2.550816981931111,
            "南投縣": 1.2523809523809526,
            "基隆市": 1.0342261904761905,
            "臺中市": 2.5238302277432725,
            "屏東市": 1.477520351025786,
            "雲林縣": 3.6518577663278777,
            "屏東縣": 4.175110073673738,
            "嘉義縣": 2.4369694616977227,
            "新竹市": 2.5260546066252587,
            "新竹縣": 3.075524715320912,
            "臺東市": 1.9156250000000001,
            "花蓮縣": 2.2819164078674947,
            "苗栗市": 2.9305965320910974,
            "金門縣": 2.779658385093168,
            "臺東縣": 1.5625323498964803,
            "澎湖縣": 5.476636904761905,
            "連江縣": 2.228273809523809
        },
        "03": {
            "苗栗縣": 2.8438435016362797,
            "桃園市": 2.4977501168770457,
            "臺北市": 1.5644677193840688,
            "彰化縣": 2.795961341525858,
            "高雄市": 1.7209067356595416,
            "宜蘭縣": 1.284633590462833,
            "南投市": 1.5065217391304349,
            "臺南市": 1.804278231119045,
            "嘉義市": 1.9907608695652181,
            "新北市": 2.1045525933281075,
            "南投縣": 1.2237802286540014,
            "基隆市": 0.7674789621318374,
            "臺中市": 2.2177639296187674,
            "屏東市": 1.632854137447405,
            "雲林縣": 2.6890966998172474,
            "屏東縣": 3.5363741097612054,
            "嘉義縣": 1.9044968443197754,
            "新竹市": 2.071622253389435,
            "新竹縣": 2.2604867928938757,
            "臺東市": 1.8701612903225808,
            "花蓮縣": 2.103243338008415,
            "苗栗市": 2.1508473585787744,
            "金門縣": 2.522482893450635,
            "臺東縣": 1.2591397849462365,
            "澎湖縣": 3.716380317905563,
            "連江縣": 1.8848235156615238
        },
        "04": {
            "苗栗縣": 2.262841183574879,
            "桃園市": 2.0502576489533015,
            "臺北市": 1.4369564433151398,
            "彰化縣": 2.1331554677206856,
            "高雄市": 1.7420048309178744,
            "宜蘭縣": 1.197834595959596,
            "南投市": 1.3583333333333332,
            "臺南市": 1.6336574989020645,
            "嘉義市": 1.8799734299516908,
            "新北市": 1.8864019643071028,
            "南投縣": 1.098512022397892,
            "基隆市": 0.8089037110232762,
            "臺中市": 1.8531123188405805,
            "屏東市": 1.6862500000000002,
            "雲林縣": 2.143605184167684,
            "屏東縣": 3.314599527887571,
            "嘉義縣": 1.5724154589371977,
            "新竹市": 1.663293650793651,
            "新竹縣": 1.8264100241545893,
            "臺東市": 1.6490557751427317,
            "花蓮縣": 1.934722222222222,
            "苗栗市": 1.8066287878787883,
            "金門縣": 2.348497317899492,
            "臺東縣": 1.1172222222222223,
            "澎湖縣": 2.858900966183575,
            "連江縣": 1.6049242424242427
        },
        "05": {
            "苗栗縣": 2.5077608605746757,
            "桃園市": 2.1907020414523926,
            "臺北市": 1.5566353715186612,
            "彰化縣": 2.273535141031635,
            "高雄市": 1.5325491060676892,
            "宜蘭縣": 1.3128429278762384,
            "南投市": 1.42585904628331,
            "臺南市": 1.5041727192279435,
            "嘉義市": 1.6721774193548387,
            "新北市": 2.039596936561108,
            "南投縣": 1.1070944366526414,
            "基隆市": 0.9861500701262272,
            "臺中市": 1.9826285647498831,
            "屏東市": 1.6245405669599218,
            "雲林縣": 2.1938741894501015,
            "屏東縣": 3.0782853074928824,
            "嘉義縣": 1.4655483658464021,
            "新竹市": 1.8600397381954183,
            "新竹縣": 2.1053808597900465,
            "臺東市": 1.5813172043010748,
            "花蓮縣": 2.0490825151940153,
            "苗栗市": 2.2780913978494626,
            "金門縣": 2.518045815801776,
            "臺東縣": 1.2389258999532495,
            "澎湖縣": 2.931743805516596,
            "連江縣": 1.9442693059628546
        },
        "06": {
            "苗栗縣": 2.2305149319279756,
            "桃園市": 1.7898560789049933,
            "臺北市": 1.290681654611779,
            "彰化縣": 1.7719323671497584,
            "高雄市": 1.707833628730368,
            "宜蘭縣": 1.28625,
            "南投市": 1.4315277777777777,
            "臺南市": 1.6772705314009662,
            "嘉義市": 1.4557427536231886,
            "新北市": 1.6593532765543637,
            "南投縣": 1.1758544685990338,
            "基隆市": 0.8107427536231885,
            "臺中市": 1.842411835748792,
            "屏東市": 1.776105072463768,
            "雲林縣": 1.7598475241545892,
            "屏東縣": 2.5020517676767686,
            "嘉義縣": 1.3612465493443753,
            "新竹市": 1.6676932367149755,
            "新竹縣": 1.7768327294685988,
            "臺東市": 1.244722222222222,
            "花蓮縣": 1.9456038647342997,
            "苗栗市": 2.103925120772947,
            "金門縣": 2.659305555555556,
            "臺東縣": 0.940112538427756,
            "澎湖縣": 1.811805555555556,
            "連江縣": 2.190495169082126
        },
        "07": {
            "苗栗縣": 2.3377220663861618,
            "桃園市": 2.1175890213495405,
            "臺北市": 1.613316390562344,
            "彰化縣": 1.9434957924263683,
            "高雄市": 1.7599203781453086,
            "宜蘭縣": 1.8812500000000003,
            "南投市": 1.5121520251604401,
            "臺南市": 1.6895812623541093,
            "嘉義市": 1.4249415614773258,
            "新北市": 2.1892084713755198,
            "南投縣": 1.3579739364188876,
            "基隆市": 1.3935892940626458,
            "臺中市": 1.905212716222535,
            "屏東市": 1.9133064516129032,
            "雲林縣": 1.8175576520192485,
            "屏東縣": 2.883914796633941,
            "嘉義縣": 1.431451612903226,
            "新竹市": 1.929032258064516,
            "新竹縣": 2.073176718092566,
            "臺東市": 1.447715053763441,
            "花蓮縣": 1.9586021505376345,
            "苗栗市": 2.3511841415558106,
            "金門縣": 2.9086021505376345,
            "臺東縣": 0.9661290322580643,
            "澎湖縣": 2.005241935483871,
            "連江縣": 2.99299853372434
        },
        "08": {
            "苗栗縣": 2.7584005376344094,
            "桃園市": 2.593691644960931,
            "臺北市": 1.547833427008442,
            "彰化縣": 2.137199625993455,
            "高雄市": 1.506903732273649,
            "宜蘭縣": 1.6193110098176724,
            "南投市": 1.508333333333334,
            "臺南市": 1.5857779837040007,
            "嘉義市": 1.5265486208508647,
            "新北市": 2.29865161560782,
            "南投縣": 1.4364101215521268,
            "基隆市": 1.5256545114539506,
            "臺中市": 2.0373558516440697,
            "屏東市": 1.5453892005610101,
            "雲林縣": 2.108721683879468,
            "屏東縣": 2.6501402524544173,
            "嘉義縣": 1.5540872434017594,
            "新竹市": 2.0761921458625525,
            "新竹縣": 2.3799171842650106,
            "臺東市": 1.340086878603709,
            "花蓮縣": 1.7892882187938288,
            "苗栗市": 2.7816561477325847,
            "金門縣": 1.9148826979472136,
            "臺東縣": 0.8357643758765779,
            "澎湖縣": 2.151420056100982,
            "連江縣": 2.2053763440860212
        },
        "09": {
            "苗栗縣": 1.6411262077294693,
            "桃園市": 2.4541716988727864,
            "臺北市": 1.6484946985381763,
            "彰化縣": 1.5261780851998248,
            "高雄市": 1.523352880883631,
            "宜蘭縣": 1.564743631971893,
            "南投市": 1.0828019323671498,
            "臺南市": 1.4125085090030742,
            "嘉義市": 1.2344733044733043,
            "新北市": 2.291052221822974,
            "南投縣": 1.410932971014493,
            "基隆市": 1.2190277777777776,
            "臺中市": 1.52444806763285,
            "屏東市": 1.8043961352657003,
            "雲林縣": 1.4475032938076418,
            "屏東縣": 2.562352092352092,
            "嘉義縣": 1.4561020531400959,
            "新竹市": 1.6574033816425122,
            "新竹縣": 2.013357487922705,
            "臺東市": 1.4831944444444443,
            "花蓮縣": 1.8987016908212562,
            "苗栗市": 1.5930132850241538,
            "金門縣": 1.554166666666667,
            "臺東縣": 1.1423611111111112,
            "澎湖縣": 2.235899758454106,
            "連江縣": 1.6516727053140094
        },
        "10": {
            "苗栗縣": 2.7982415848527347,
            "桃園市": 3.190379558691271,
            "臺北市": 1.8735206705403058,
            "彰化縣": 3.0442362666941887,
            "高雄市": 1.533001995764092,
            "宜蘭縣": 1.2393817204301076,
            "南投市": 1.2787459093034128,
            "臺南市": 1.5591509413914746,
            "嘉義市": 1.807930107526882,
            "新北市": 2.726660281895843,
            "南投縣": 1.3408296676441838,
            "基隆市": 1.0485215053763441,
            "臺中市": 2.2012365591397853,
            "屏東市": 1.5349345488546051,
            "雲林縣": 2.831206392798904,
            "屏東縣": 3.101901933283833,
            "嘉義縣": 1.8906656515527482,
            "新竹市": 2.4202956989247313,
            "新竹縣": 2.8470313230481517,
            "臺東市": 1.7337424029920525,
            "花蓮縣": 1.826344086021505,
            "苗栗市": 2.5330937353903704,
            "金門縣": 1.8580177653108927,
            "臺東縣": 1.302284946236559,
            "澎湖縣": 5.204905913978495,
            "連江縣": 2.0790322580645157
        },
        "11": {
            "苗栗縣": 2.450416666666666,
            "桃園市": 2.8526298309178744,
            "臺北市": 1.697645532521309,
            "彰化縣": 2.754704106280193,
            "高雄市": 1.4888948817889043,
            "宜蘭縣": 1.08074577294686,
            "南投市": 1.2509722222222226,
            "臺南市": 1.501100586817836,
            "嘉義市": 1.6973611111111109,
            "新北市": 2.616819577545862,
            "南投縣": 1.205625,
            "基隆市": 0.9840700483091785,
            "臺中市": 1.9653173975782663,
            "屏東市": 1.3861775362318838,
            "雲林縣": 2.4626954325867367,
            "屏東縣": 4.3349031986531985,
            "嘉義縣": 1.6573097826086955,
            "新竹市": 2.1477777777777773,
            "新竹縣": 2.7800425450153714,
            "臺東市": 1.8116666666666668,
            "花蓮縣": 1.9908333333333335,
            "苗栗市": 2.2918308080808076,
            "金門縣": 1.6625603864734297,
            "臺東縣": 1.349444444444445,
            "澎湖縣": 4.510833333333333,
            "連江縣": 1.9902777777777778
        },
        "12": {
            "苗栗縣": 2.9439516129032257,
            "桃園市": 2.916256722893339,
            "臺北市": 1.5593292927269085,
            "彰化縣": 3.477582274356468,
            "高雄市": 1.6210793063878612,
            "宜蘭縣": 0.9506288516299035,
            "南投市": 1.202284946236559,
            "臺南市": 2.188052244039271,
            "嘉義市": 2.206439925198691,
            "新北市": 2.587480922961608,
            "南投縣": 1.1463242169237962,
            "基隆市": 0.9685230637369486,
            "臺中市": 2.1972904227609713,
            "屏東市": 1.3076612903225806,
            "雲林縣": 3.1395000584385233,
            "屏東縣": 4.707801542776997,
            "嘉義縣": 2.0487494156147736,
            "新竹市": 2.2603494623655918,
            "新竹縣": 3.0372925432445057,
            "臺東市": 1.716532258064516,
            "花蓮縣": 1.9453716690042075,
            "苗栗市": 2.746359280037399,
            "金門縣": 1.6126811594202894,
            "臺東縣": 1.480645161290323,
            "澎湖縣": 5.099421458625527,
            "連江縣": 2.060495558672277
        }
    },
    "wind_direction": {
        "01": {
            "苗栗縣": 75.32893716265035,
            "桃園市": 93.17590880757079,
            "臺北市": 145.53257150750133,
            "彰化縣": 84.97670250896059,
            "高雄市": 218.1582778926311,
            "宜蘭縣": 207.89949902248281,
            "南投市": 199.300023375409,
            "臺南市": 162.97434423852422,
            "嘉義市": 121.02284946236561,
            "新北市": 114.95058421503974,
            "南投縣": 215.57404692082108,
            "基隆市": 125.87617711881387,
            "臺中市": 135.7529262672811,
            "屏東市": 258.98252688172045,
            "雲林縣": 154.40479434952601,
            "屏東縣": 105.64064027370476,
            "嘉義縣": 265.7130376344086,
            "新竹市": 73.65725806451613,
            "新竹縣": 92.30510752688171,
            "臺東市": 241.7800958391771,
            "花蓮縣": 184.42741935483872,
            "苗栗市": 66.20143758765778,
            "金門縣": 77.67999064983636,
            "臺東縣": 137.6380317905563,
            "澎湖縣": 36.97405329593268,
            "連江縣": 290.72265077138843
        },
        "02": {
            "苗栗縣": 83.89104554865423,
            "桃園市": 95.85785171715523,
            "臺北市": 146.390926232153,
            "彰化縣": 98.98940361168624,
            "高雄市": 219.87896188201879,
            "宜蘭縣": 196.16815476190476,
            "南投市": 189.6175595238095,
            "臺南市": 192.25020439252785,
            "嘉義市": 145.3392857142857,
            "新北市": 123.17791266704315,
            "南投縣": 221.9568452380952,
            "基隆市": 123.60267857142857,
            "臺中市": 143.3642598343685,
            "屏東市": 244.68238283455676,
            "雲林縣": 160.61423630717104,
            "屏東縣": 108.19372042295181,
            "嘉義縣": 278.51442805383016,
            "新竹市": 77.12118271221532,
            "新竹縣": 103.55029114906833,
            "臺東市": 240.60604296066248,
            "花蓮縣": 163.46881469979297,
            "苗栗市": 60.353454968944106,
            "金門縣": 84.86374223602482,
            "臺東縣": 128.1504917184265,
            "澎湖縣": 34.52678571428572,
            "連江縣": 292.7023809523809
        },
        "03": {
            "苗栗縣": 110.37809724170174,
            "桃園市": 110.6107410004675,
            "臺北市": 150.9079199702321,
            "彰化縣": 123.97385571807033,
            "高雄市": 211.11774928923103,
            "宜蘭縣": 191.91017999064977,
            "南投市": 192.65614773258525,
            "臺南市": 196.6577574482552,
            "嘉義市": 152.12283777466104,
            "新北市": 133.89663483943514,
            "南投縣": 229.74688150792647,
            "基隆市": 163.03500467508175,
            "臺中市": 168.65551598938697,
            "屏東市": 230.29651706404863,
            "雲林縣": 158.314969027583,
            "屏東縣": 122.7232328797897,
            "嘉義縣": 243.88134057971016,
            "新竹市": 98.09209911173446,
            "新竹縣": 124.27857643758765,
            "臺東市": 198.1733870967742,
            "花蓮縣": 168.53290088826552,
            "苗栗市": 94.24836372136514,
            "金門縣": 113.04117790811341,
            "臺東縣": 155.5981182795699,
            "澎湖縣": 77.55989948574101,
            "連江縣": 285.0070126227209
        },
        "04": {
            "苗栗縣": 125.81923309178744,
            "桃園市": 129.94055958132043,
            "臺北市": 148.56548466380522,
            "彰化縣": 144.21867954911434,
            "高雄市": 214.54163884152692,
            "宜蘭縣": 177.52809343434345,
            "南投市": 164.182306763285,
            "臺南市": 217.63439558629764,
            "嘉義市": 187.8959420289855,
            "新北市": 139.79205244141022,
            "南投縣": 231.25617314448837,
            "基隆市": 162.8126921387791,
            "臺中市": 182.45544685990336,
            "屏東市": 212.95694444444447,
            "雲林縣": 176.81901823317574,
            "屏東縣": 125.68301493192794,
            "嘉義縣": 245.0468900966183,
            "新竹市": 113.81051587301589,
            "新竹縣": 140.22986111111112,
            "臺東市": 211.45580808080803,
            "花蓮縣": 178.15694444444443,
            "苗栗市": 116.93787878787877,
            "金門縣": 117.90451408494887,
            "臺東縣": 173.0875,
            "澎湖縣": 99.96612318840582,
            "連江縣": 258.6556818181818
        },
        "05": {
            "苗栗縣": 147.56788533462796,
            "桃園市": 142.93904667290016,
            "臺北市": 142.76854439114427,
            "彰化縣": 158.5295114539504,
            "高雄市": 198.69396719650928,
            "宜蘭縣": 174.98699211611205,
            "南投市": 158.768291257597,
            "臺南市": 209.17913930681294,
            "嘉義市": 202.9879032258065,
            "新北市": 140.93607737269602,
            "南投縣": 233.79169588592796,
            "基隆市": 158.98714352501165,
            "臺中市": 180.85278167367943,
            "屏東市": 188.69655076106687,
            "雲林縣": 182.82425433962945,
            "屏東縣": 134.71957212376213,
            "嘉義縣": 234.0765916528539,
            "新竹市": 135.79032258064515,
            "新竹縣": 142.20351481150925,
            "臺東市": 202.48118279569894,
            "花蓮縣": 175.00619448340348,
            "苗栗市": 149.7943548387097,
            "金門縣": 125.71750818139314,
            "臺東縣": 169.65521271622248,
            "澎湖縣": 126.45827489481064,
            "連江縣": 253.07282502443795
        },
        "06": {
            "苗栗縣": 183.28459321475626,
            "桃園市": 178.99426328502415,
            "臺北市": 166.09467747573342,
            "彰化縣": 187.4160225442834,
            "高雄市": 179.9349783803508,
            "宜蘭縣": 179.0715277777778,
            "南投市": 180.74166666666665,
            "臺南市": 185.3209541062802,
            "嘉義市": 174.1421497584541,
            "新北市": 176.61526872337157,
            "南投縣": 215.78913043478266,
            "基隆市": 195.57185990338166,
            "臺中市": 195.27545893719798,
            "屏東市": 180.49009661835754,
            "雲林縣": 184.1637379227053,
            "屏東縣": 158.13945707070704,
            "嘉義縣": 192.94960317460314,
            "新竹市": 173.2002415458937,
            "新竹縣": 159.560597826087,
            "臺東市": 207.70555555555555,
            "花蓮縣": 186.0211956521739,
            "苗栗市": 184.51274154589373,
            "金門縣": 173.44305555555556,
            "臺東縣": 221.51529973649536,
            "澎湖縣": 178.26729797979795,
            "連江縣": 214.45464975845405
        },
        "07": {
            "苗栗縣": 189.52886863020106,
            "桃園市": 184.1661106152692,
            "臺北市": 168.07787382452656,
            "彰化縣": 193.80045192457536,
            "高雄市": 174.64622509490155,
            "宜蘭縣": 161.06115591397855,
            "南投市": 180.62499468740702,
            "臺南市": 184.29700054729025,
            "嘉義市": 166.4566970546984,
            "新北市": 172.24947694295682,
            "南投縣": 216.17531556802248,
            "基隆市": 184.640603085554,
            "臺中市": 193.4527115474521,
            "屏東市": 187.54704301075267,
            "雲林縣": 181.4298750949476,
            "屏東縣": 142.2246961196821,
            "嘉義縣": 191.49529569892476,
            "新竹市": 184.1922043010753,
            "新竹縣": 170.69115240766718,
            "臺東市": 203.05165965404396,
            "花蓮縣": 184.8091397849462,
            "苗栗市": 191.439069162877,
            "金門縣": 169.2809139784946,
            "臺東縣": 215.3709677419355,
            "澎湖縣": 184.2943548387096,
            "連江縣": 215.56989247311827
        },
        "08": {
            "苗栗縣": 186.48118279569889,
            "桃園市": 184.19736080500456,
            "臺北市": 176.6701960030675,
            "彰化縣": 183.45329982858033,
            "高雄市": 172.739854499537,
            "宜蘭縣": 186.5561886395512,
            "南投市": 187.76478494623652,
            "臺南市": 182.9726678855273,
            "嘉義市": 183.25584385226733,
            "新北市": 187.39848021204017,
            "南投縣": 214.79029336138387,
            "基隆市": 214.94547685834513,
            "臺中市": 182.50794374318215,
            "屏東市": 171.90708274894808,
            "雲林縣": 186.96512017085297,
            "屏東縣": 177.79409186535764,
            "嘉義縣": 187.00609885672992,
            "新竹市": 177.17110799438993,
            "新竹縣": 178.46868530020706,
            "臺東市": 214.0539582359358,
            "花蓮縣": 181.38762272089758,
            "苗栗市": 185.74824684431977,
            "金門縣": 185.66263440860214,
            "臺東縣": 211.7698106591865,
            "澎湖縣": 192.69300574367196,
            "連江縣": 200.135752688172
        },
        "09": {
            "苗栗縣": 152.99640700483096,
            "桃園市": 133.7533011272141,
            "臺北市": 118.84074989020642,
            "彰化縣": 186.27185807348857,
            "高雄市": 176.82217942002697,
            "宜蘭縣": 173.67268610013173,
            "南投市": 161.27584541062797,
            "臺南市": 187.26806516249454,
            "嘉義市": 181.12150072150078,
            "新北市": 124.2329545454545,
            "南投縣": 217.5990942028985,
            "基隆市": 145.02361111111114,
            "臺中市": 191.40095410628015,
            "屏東市": 156.79245169082125,
            "雲林縣": 177.43390700483096,
            "屏東縣": 109.56065115440116,
            "嘉義縣": 199.44963768115946,
            "新竹市": 113.52542270531401,
            "新竹縣": 128.50114734299515,
            "臺東市": 214.95833333333331,
            "花蓮縣": 163.3785628019324,
            "苗栗市": 164.29824879227053,
            "金門縣": 121.91527777777775,
            "臺東縣": 165.36666666666667,
            "澎湖縣": 156.80735852311938,
            "連江縣": 265.8329710144928
        },
        "10": {
            "苗栗縣": 74.30084735857879,
            "桃園市": 100.13257898794363,
            "臺北市": 109.45666242678757,
            "彰化縣": 132.45534487329712,
            "高雄市": 189.40638879382155,
            "宜蘭縣": 194.73124389051807,
            "南投市": 160.05276998597478,
            "臺南市": 207.91185744188024,
            "嘉義市": 194.35349462365588,
            "新北市": 104.47160080983231,
            "南投縣": 224.6578079178886,
            "基隆市": 135.38709677419354,
            "臺中市": 155.95390369331466,
            "屏東市": 182.43384759233285,
            "雲林縣": 141.42191498924538,
            "屏東縣": 92.81269101896784,
            "嘉義縣": 238.9676902398677,
            "新竹市": 62.76612903225805,
            "新竹縣": 94.61164679756895,
            "臺東市": 223.85606591865357,
            "花蓮縣": 177.13709677419357,
            "苗栗市": 88.3110098176718,
            "金門縣": 75.04453015427768,
            "臺東縣": 110.40725806451613,
            "澎湖縣": 46.46505376344086,
            "連江縣": 292.41935483870975
        },
        "11": {
            "苗栗縣": 95.21527777777779,
            "桃園市": 117.10939009661841,
            "臺北市": 114.57829455740944,
            "彰化縣": 140.65970209339773,
            "高雄市": 195.0522757988792,
            "宜蘭縣": 204.68073671497586,
            "南投市": 177.22977053140093,
            "臺南市": 179.60586853951415,
            "嘉義市": 178.50555555555553,
            "新北市": 116.0314699080016,
            "南投縣": 223.11944444444453,
            "基隆市": 153.21443236714975,
            "臺中市": 158.07161961227163,
            "屏東市": 207.38780193236713,
            "雲林縣": 139.42347386912604,
            "屏東縣": 92.4664983164983,
            "嘉義縣": 238.1782306763285,
            "新竹市": 79.52638888888889,
            "新竹縣": 110.87335584101886,
            "臺東市": 222.27638888888887,
            "花蓮縣": 167.30555555555554,
            "苗栗市": 111.62575757575759,
            "金門縣": 102.12723429951687,
            "臺東縣": 134.12045454545455,
            "澎湖縣": 65.98194444444444,
            "連江縣": 285.2194444444444
        },
        "12": {
            "苗栗縣": 71.89045698924733,
            "桃園市": 104.9863911673122,
            "臺北市": 123.78247227711284,
            "彰化縣": 104.2677635400286,
            "高雄市": 206.29974030274687,
            "宜蘭縣": 208.2409133409834,
            "南投市": 189.11424731182797,
            "臺南市": 183.98603319308089,
            "嘉義市": 127.07334034595604,
            "新北市": 118.02446497359169,
            "南投縣": 204.37684081346433,
            "基隆市": 149.12720118435402,
            "臺中市": 143.2170380017365,
            "屏東市": 216.01478494623655,
            "雲林縣": 132.3627279102385,
            "屏東縣": 94.10518934081347,
            "嘉義縣": 246.55379266012156,
            "新竹市": 67.40322580645162,
            "新竹縣": 99.17511103319303,
            "臺東市": 242.0456989247312,
            "花蓮縣": 173.83952781673673,
            "苗栗市": 80.11477325853203,
            "金門縣": 94.87348059841047,
            "臺東縣": 116.45833333333333,
            "澎湖縣": 41.53173211781205,
            "連江縣": 285.09420289855075
        }
    }
}